"Job","Workbook","InDefaultRun","SourceStatus","Source","QueryCount","NamedCheckCount","HardGuardCount","ErrorCaptureCount","EmptyShortCircuitCount","UnreferencedCheckCount","NamedChecks"
"Unit1/AllocationInput","UNITS/Unit1/1. Input/1-AllocationExtracted.xlsx","False","Audited","CLIENT/DATExx-Whiddon/UNITS/Unit1/1. Input/1-AllocationExtracted.xlsx_PowerQuery.m","19","1","2","1","1","1","AllocationExtractedCheck"
"Unit1/Settings","UNITS/Unit1/2. Calculations/Settings Data.xlsx","False","Audited","CLIENT/DATExx-Whiddon/UNITS/Unit1/2. Calculations/Settings Data.xlsx_PowerQuery.m","10","0","0","0","0","0",""
"Unit1/DemandMaster","UNITS/Unit1/1. Input/Demand-MasterRoster Manual Read.xlsx","False","Audited","CLIENT/DATExx-Whiddon/UNITS/Unit1/1. Input/Demand-MasterRoster Manual Read.xlsx_PowerQuery.m","68","13","7","1","10","1","LocRoleDayShift%CHECK | MW Check Table | MinuteWorkersFTE_WEEKLY_DISTRIBUTION_CHECK | MinuteWorkersFTE_CATEGORY_DAILY_CHECK | MinuteWorkersFTE_HISTORICAL_DAY_CHECK | MW Input Check | MW Distribution Check | MW Daily Allocation Check | MW PreAllocation Check | MW Fortnight Hours Check | MW FTE Profile Alignment Check | MW Publication Check | MinuteWorkersFTE_CHECK"
"Unit1/DemandInput","UNITS/Unit1/1. Input/2-DemandExtract.xlsx","False","Audited","CLIENT/DATExx-Whiddon/UNITS/Unit1/1. Input/2-DemandExtract.xlsx_PowerQuery.m","43","6","18","2","17","0","IMPORT Distributed FTE Checks | Distributed FTE Source Validate | Demand Calendar CHECK | Demand Reconciliation Targets | DemandExtraction_RECONCILIATION | DemandExtraction_CHECK"
"Unit1/Workers","UNITS/Unit1/1. Input/Worker Reconciliation.xlsx","False","Missing exact extracted source","CLIENT/DATExx-Whiddon/UNITS/Unit1/1. Input/Worker Reconciliation.xlsx_PowerQuery.m","0","0","0","0","0","0",""
"Unit1/Availability","UNITS/Unit1/2. Calculations/Capacity-ShiftAvailability.xlsx","False","Audited","CLIENT/DATExx-Whiddon/UNITS/Unit1/2. Calculations/Capacity-ShiftAvailability.xlsx_PowerQuery.m","44","9","9","5","15","0","IMPORT Reconciled Workers | ReconciledWorkers_Prepare | ReconciledWorkers_Eligible | WorkerAvailability_DIAGNOSTICS | AvailabilityReasons_DIAGNOSTICS | AvailabilityCheckResult | ReconciledWorkers_CHECK | AvailabilityRules_TEST | ResDayShift_CHECK"
"Unit1/Staff","UNITS/Unit1/2. Calculations/StaffListMaster.xlsx","False","Audited","CLIENT/DATExx-Whiddon/UNITS/Unit1/2. Calculations/StaffListMaster.xlsx_PowerQuery.m","26","2","9","4","9","0","StaffListCheckResult | ResourceContract_CHECK"
"Unit1/Intervals","UNITS/Unit1/2. Calculations/Intervals.xlsx","False","Audited","CLIENT/DATExx-Whiddon/UNITS/Unit1/2. Calculations/Intervals.xlsx_PowerQuery.m","28","0","1","1","1","0",""
"Unit1/DemandIntervals","UNITS/Unit1/2. Calculations/DemandIntervals.xlsx","False","Audited","CLIENT/DATExx-Whiddon/UNITS/Unit1/2. Calculations/DemandIntervals.xlsx_PowerQuery.m","14","2","1","1","1","2","Table_ShiftDemandHRSCheck | ShiftDemandUnitINTERVALCheck"
"Unit1/Demand","UNITS/Unit1/2. Calculations/Demand.xlsx","False","Audited","CLIENT/DATExx-Whiddon/UNITS/Unit1/2. Calculations/Demand.xlsx_PowerQuery.m","23","3","1","1","1","2","Table_ShiftDemandUnitINTERVALCheck | ShiftDemandHCAverageCheck | CareDemandHRSWeeklyCheck"
"Unit1/Shifts","UNITS/Unit1/2. Calculations/Shifts.xlsx","False","Audited","CLIENT/DATExx-Whiddon/UNITS/Unit1/2. Calculations/Shifts.xlsx_PowerQuery.m","44","0","1","1","1","0",""
"Unit1/ShiftAverage","UNITS/Unit1/2. Calculations/AllocationByShiftAverage.xlsx","False","Audited","CLIENT/DATExx-Whiddon/UNITS/Unit1/2. Calculations/AllocationByShiftAverage.xlsx_PowerQuery.m","19","1","2","2","2","0","RoleShiftAllocation_CHECK"
"Unit1/Allocation","UNITS/Unit1/2. Calculations/Allocation.xlsx","False","Audited","CLIENT/DATExx-Whiddon/UNITS/Unit1/2. Calculations/Allocation.xlsx_PowerQuery.m","28","0","1","1","1","0",""
"Unit1/Distribution","UNITS/Unit1/2. Calculations/Shift-StaffDistribution.xlsx","False","Audited","CLIENT/DATExx-Whiddon/UNITS/Unit1/2. Calculations/Shift-StaffDistribution.xlsx_PowerQuery.m","5","0","1","1","1","0",""
"Unit1/MultiRole","UNITS/Unit1/2. Calculations/MutliRoleCheck.xlsx","False","Audited","CLIENT/DATExx-Whiddon/UNITS/Unit1/2. Calculations/MutliRoleCheck.xlsx_PowerQuery.m","8","0","1","1","1","0",""
"Unit1/Capacity","UNITS/Unit1/2. Calculations/Capacity.xlsx","False","Audited","CLIENT/DATExx-Whiddon/UNITS/Unit1/2. Calculations/Capacity.xlsx_PowerQuery.m","24","0","1","1","1","0",""
"Unit1/Effort","UNITS/Unit1/2. Calculations/Effort.xlsx","False","Audited","CLIENT/DATExx-Whiddon/UNITS/Unit1/2. Calculations/Effort.xlsx_PowerQuery.m","38","2","8","4","7","0","EffortCheckResult | ResourceContractOverage_CHECK"
"Unit2/AllocationInput","UNITS/Unit2/1. Input/1-AllocationExtracted.xlsx","False","Audited","CLIENT/DATExx-Whiddon/UNITS/Unit2/1. Input/1-AllocationExtracted.xlsx_PowerQuery.m","18","1","2","1","1","1","AllocationExtractedCheck"
"Unit2/Settings","UNITS/Unit2/2. Calculations/Settings Data.xlsx","False","Audited","CLIENT/DATExx-Whiddon/UNITS/Unit2/2. Calculations/Settings Data.xlsx_PowerQuery.m","10","0","0","0","0","0",""
"Unit2/DemandMaster","UNITS/Unit2/1. Input/Demand-MasterRoster Manual Read.xlsx","False","Audited","CLIENT/DATExx-Whiddon/UNITS/Unit2/1. Input/Demand-MasterRoster Manual Read.xlsx_PowerQuery.m","47","13","3","0","7","1","LocRoleDayShift%CHECK | MW Check Table | MinuteWorkersFTE_WEEKLY_DISTRIBUTION_CHECK | MinuteWorkersFTE_CATEGORY_DAILY_CHECK | MinuteWorkersFTE_HISTORICAL_DAY_CHECK | MW Input Check | MW Distribution Check | MW Daily Allocation Check | MW PreAllocation Check | MW Fortnight Hours Check | MW FTE Profile Alignment Check | MW Publication Check | MinuteWorkersFTE_CHECK"
"Unit2/DemandInput","UNITS/Unit2/1. Input/2-DemandExtract.xlsx","False","Audited","CLIENT/DATExx-Whiddon/UNITS/Unit2/1. Input/2-DemandExtract.xlsx_PowerQuery.m","32","4","10","2","9","0","IMPORT Distributed FTE Checks | Distributed FTE Source Validate | DemandExtraction_RECONCILIATION | DemandExtraction_CHECK"
"Unit2/Workers","UNITS/Unit2/1. Input/Worker Reconciliation.xlsx","False","Missing exact extracted source","CLIENT/DATExx-Whiddon/UNITS/Unit2/1. Input/Worker Reconciliation.xlsx_PowerQuery.m","0","0","0","0","0","0",""
"Unit2/Availability","UNITS/Unit2/2. Calculations/Capacity-ShiftAvailability.xlsx","False","Audited","CLIENT/DATExx-Whiddon/UNITS/Unit2/2. Calculations/Capacity-ShiftAvailability.xlsx_PowerQuery.m","31","7","8","5","11","0","IMPORT Reconciled Workers | ReconciledWorkers_Prepare | ReconciledWorkers_Eligible | WorkerAvailability_DIAGNOSTICS | AvailabilityCheckResult | ReconciledWorkers_CHECK | ResDayShift_CHECK"
"Unit2/Staff","UNITS/Unit2/2. Calculations/StaffListMaster.xlsx","False","Audited","CLIENT/DATExx-Whiddon/UNITS/Unit2/2. Calculations/StaffListMaster.xlsx_PowerQuery.m","12","0","1","1","1","0",""
"Unit2/Intervals","UNITS/Unit2/2. Calculations/Intervals.xlsx","False","Audited","CLIENT/DATExx-Whiddon/UNITS/Unit2/2. Calculations/Intervals.xlsx_PowerQuery.m","28","0","1","1","1","0",""
"Unit2/DemandIntervals","UNITS/Unit2/2. Calculations/DemandIntervals.xlsx","False","Audited","CLIENT/DATExx-Whiddon/UNITS/Unit2/2. Calculations/DemandIntervals.xlsx_PowerQuery.m","14","2","1","1","1","2","Table_ShiftDemandHRSCheck | ShiftDemandUnitINTERVALCheck"
"Unit2/Demand","UNITS/Unit2/2. Calculations/Demand.xlsx","False","Audited","CLIENT/DATExx-Whiddon/UNITS/Unit2/2. Calculations/Demand.xlsx_PowerQuery.m","23","3","1","1","1","2","Table_ShiftDemandUnitINTERVALCheck | ShiftDemandHCAverageCheck | CareDemandHRSWeeklyCheck"
"Unit2/Shifts","UNITS/Unit2/2. Calculations/Shifts.xlsx","False","Audited","CLIENT/DATExx-Whiddon/UNITS/Unit2/2. Calculations/Shifts.xlsx_PowerQuery.m","44","0","1","1","1","0",""
"Unit2/ShiftAverage","UNITS/Unit2/2. Calculations/AllocationByShiftAverage.xlsx","False","Audited","CLIENT/DATExx-Whiddon/UNITS/Unit2/2. Calculations/AllocationByShiftAverage.xlsx_PowerQuery.m","19","1","2","2","2","0","RoleShiftAllocation_CHECK"
"Unit2/Allocation","UNITS/Unit2/2. Calculations/Allocation.xlsx","False","Audited","CLIENT/DATExx-Whiddon/UNITS/Unit2/2. Calculations/Allocation.xlsx_PowerQuery.m","28","0","1","1","1","0",""
"Unit2/Distribution","UNITS/Unit2/2. Calculations/Shift-StaffDistribution.xlsx","False","Audited","CLIENT/DATExx-Whiddon/UNITS/Unit2/2. Calculations/Shift-StaffDistribution.xlsx_PowerQuery.m","5","0","1","1","1","0",""
"Unit2/MultiRole","UNITS/Unit2/2. Calculations/MutliRoleCheck.xlsx","False","Audited","CLIENT/DATExx-Whiddon/UNITS/Unit2/2. Calculations/MutliRoleCheck.xlsx_PowerQuery.m","8","0","1","1","1","0",""
"Unit2/Capacity","UNITS/Unit2/2. Calculations/Capacity.xlsx","False","Audited","CLIENT/DATExx-Whiddon/UNITS/Unit2/2. Calculations/Capacity.xlsx_PowerQuery.m","24","0","1","1","1","0",""
"Unit2/Effort","UNITS/Unit2/2. Calculations/Effort.xlsx","False","Audited","CLIENT/DATExx-Whiddon/UNITS/Unit2/2. Calculations/Effort.xlsx_PowerQuery.m","21","0","1","1","1","0",""
"BD/AllocationInput","UNITS/BD/1. Input/1-AllocationExtracted.xlsx","True","Missing exact extracted source","CLIENT/DATExx-Whiddon/UNITS/BD/1. Input/1-AllocationExtracted.xlsx_PowerQuery.m","0","0","0","0","0","0",""
"BD/Settings","UNITS/BD/2. Calculations/Settings Data.xlsx","True","Missing exact extracted source","CLIENT/DATExx-Whiddon/UNITS/BD/2. Calculations/Settings Data.xlsx_PowerQuery.m","0","0","0","0","0","0",""
"BD/DemandMaster","UNITS/BD/1. Input/Demand-MasterRoster Manual Read.xlsx","True","Missing exact extracted source","CLIENT/DATExx-Whiddon/UNITS/BD/1. Input/Demand-MasterRoster Manual Read.xlsx_PowerQuery.m","0","0","0","0","0","0",""
"BD/DemandInput","UNITS/BD/1. Input/2-DemandExtract.xlsx","True","Missing exact extracted source","CLIENT/DATExx-Whiddon/UNITS/BD/1. Input/2-DemandExtract.xlsx_PowerQuery.m","0","0","0","0","0","0",""
"BD/Workers","UNITS/BD/1. Input/Worker Reconciliation.xlsx","True","Missing exact extracted source","CLIENT/DATExx-Whiddon/UNITS/BD/1. Input/Worker Reconciliation.xlsx_PowerQuery.m","0","0","0","0","0","0",""
"BD/Availability","UNITS/BD/2. Calculations/Capacity-ShiftAvailability.xlsx","True","Missing exact extracted source","CLIENT/DATExx-Whiddon/UNITS/BD/2. Calculations/Capacity-ShiftAvailability.xlsx_PowerQuery.m","0","0","0","0","0","0",""
"BD/Staff","UNITS/BD/2. Calculations/StaffListMaster.xlsx","True","Missing exact extracted source","CLIENT/DATExx-Whiddon/UNITS/BD/2. Calculations/StaffListMaster.xlsx_PowerQuery.m","0","0","0","0","0","0",""
"BD/Intervals","UNITS/BD/2. Calculations/Intervals.xlsx","True","Missing exact extracted source","CLIENT/DATExx-Whiddon/UNITS/BD/2. Calculations/Intervals.xlsx_PowerQuery.m","0","0","0","0","0","0",""
"BD/DemandIntervals","UNITS/BD/2. Calculations/DemandIntervals.xlsx","True","Missing exact extracted source","CLIENT/DATExx-Whiddon/UNITS/BD/2. Calculations/DemandIntervals.xlsx_PowerQuery.m","0","0","0","0","0","0",""
"BD/Demand","UNITS/BD/2. Calculations/Demand.xlsx","True","Missing exact extracted source","CLIENT/DATExx-Whiddon/UNITS/BD/2. Calculations/Demand.xlsx_PowerQuery.m","0","0","0","0","0","0",""
"BD/Shifts","UNITS/BD/2. Calculations/Shifts.xlsx","True","Missing exact extracted source","CLIENT/DATExx-Whiddon/UNITS/BD/2. Calculations/Shifts.xlsx_PowerQuery.m","0","0","0","0","0","0",""
"BD/ShiftAverage","UNITS/BD/2. Calculations/AllocationByShiftAverage.xlsx","True","Missing exact extracted source","CLIENT/DATExx-Whiddon/UNITS/BD/2. Calculations/AllocationByShiftAverage.xlsx_PowerQuery.m","0","0","0","0","0","0",""
"BD/Allocation","UNITS/BD/2. Calculations/Allocation.xlsx","True","Missing exact extracted source","CLIENT/DATExx-Whiddon/UNITS/BD/2. Calculations/Allocation.xlsx_PowerQuery.m","0","0","0","0","0","0",""
"BD/Distribution","UNITS/BD/2. Calculations/Shift-StaffDistribution.xlsx","True","Missing exact extracted source","CLIENT/DATExx-Whiddon/UNITS/BD/2. Calculations/Shift-StaffDistribution.xlsx_PowerQuery.m","0","0","0","0","0","0",""
"BD/MultiRole","UNITS/BD/2. Calculations/MutliRoleCheck.xlsx","True","Missing exact extracted source","CLIENT/DATExx-Whiddon/UNITS/BD/2. Calculations/MutliRoleCheck.xlsx_PowerQuery.m","0","0","0","0","0","0",""
"BD/Capacity","UNITS/BD/2. Calculations/Capacity.xlsx","True","Audited","CLIENT/DATExx-Whiddon/UNITS/BD/2. Calculations/Capacity.xlsx_PowerQuery.m","24","0","1","1","1","0",""
"BD/Effort","UNITS/BD/2. Calculations/Effort.xlsx","True","Missing exact extracted source","CLIENT/DATExx-Whiddon/UNITS/BD/2. Calculations/Effort.xlsx_PowerQuery.m","0","0","0","0","0","0",""
"TE/AllocationInput","UNITS/TE/1. Input/1-AllocationExtracted.xlsx","True","Audited","CLIENT/DATExx-Whiddon/UNITS/TE/1. Input/1-AllocationExtracted.xlsx_PowerQuery.m","22","1","2","1","1","1","AllocationExtractedCheck"
"TE/Settings","UNITS/TE/2. Calculations/Settings Data.xlsx","True","Audited","CLIENT/DATExx-Whiddon/UNITS/TE/2. Calculations/Settings Data.xlsx_PowerQuery.m","19","0","2","0","2","0",""
"TE/DemandMaster","UNITS/TE/1. Input/Demand-MasterRoster Manual Read.xlsx","True","Audited","CLIENT/DATExx-Whiddon/UNITS/TE/1. Input/Demand-MasterRoster Manual Read.xlsx_PowerQuery.m","58","13","9","1","11","1","LocRoleDayShift%CHECK | MW Check Table | MinuteWorkersFTE_WEEKLY_DISTRIBUTION_CHECK | MinuteWorkersFTE_CATEGORY_DAILY_CHECK | MinuteWorkersFTE_HISTORICAL_DAY_CHECK | MW Input Check | MW Distribution Check | MW Daily Allocation Check | MW PreAllocation Check | MW Fortnight Hours Check | MW FTE Profile Alignment Check | MW Publication Check | MinuteWorkersFTE_CHECK"
"TE/DemandInput","UNITS/TE/1. Input/2-DemandExtract.xlsx","True","Audited","CLIENT/DATExx-Whiddon/UNITS/TE/1. Input/2-DemandExtract.xlsx_PowerQuery.m","48","6","21","2","20","0","IMPORT Distributed FTE Checks | Distributed FTE Source Validate | Demand Calendar CHECK | Demand Reconciliation Targets | DemandExtraction_RECONCILIATION | DemandExtraction_CHECK"
"TE/Workers","UNITS/TE/1. Input/Worker Reconciliation.xlsx","True","Audited","CLIENT/DATExx-Whiddon/UNITS/TE/1. Input/Worker Reconciliation.xlsx_PowerQuery.m","35","10","8","0","8","0","CurrentWorkers_Reconciled | TerminatedWorkers_DIAGNOSTICS | DuplicateWorkers_DIAGNOSTICS | IncompleteWorkerIdentity_DIAGNOSTICS | UnmatchedCurrentWorkers_DIAGNOSTICS | AmbiguousCurrentWorkers_DIAGNOSTICS | InvalidWorkerMembership_DIAGNOSTICS | LeakedTerminatedWorkers_DIAGNOSTICS | WorkerReconciliation_ISSUES | WorkerReconciliation_CHECK"
"TE/Availability","UNITS/TE/2. Calculations/Capacity-ShiftAvailability.xlsx","True","Audited","CLIENT/DATExx-Whiddon/UNITS/TE/2. Calculations/Capacity-ShiftAvailability.xlsx_PowerQuery.m","64","14","19","6","13","0","IMPORT Reconciled Workers | WorkerRoleMappings_DIAGNOSTICS | ReconciledWorkers_Prepare | ReconciledWorkers_Eligible | WorkerIdentityFailures_DIAGNOSTICS | WorkerAvailability_DIAGNOSTICS | AvailabilityReasons_DIAGNOSTICS | WorkerShiftRoleCoverage_DIAGNOSTICS | WorkerRolePipeline_DIAGNOSTICS | AvailabilityCheckResult | ReconciledWorkers_CHECK | AvailabilityRules_TEST | ResDayShift_CHECK | AllocationRoleShares_CHECK"
"TE/Staff","UNITS/TE/2. Calculations/StaffListMaster.xlsx","True","Audited","CLIENT/DATExx-Whiddon/UNITS/TE/2. Calculations/StaffListMaster.xlsx_PowerQuery.m","27","2","9","4","9","0","StaffListCheckResult | ResourceContract_CHECK"
"TE/Intervals","UNITS/TE/2. Calculations/Intervals.xlsx","True","Audited","CLIENT/DATExx-Whiddon/UNITS/TE/2. Calculations/Intervals.xlsx_PowerQuery.m","29","0","1","1","1","0",""
"TE/DemandIntervals","UNITS/TE/2. Calculations/DemandIntervals.xlsx","True","Audited","CLIENT/DATExx-Whiddon/UNITS/TE/2. Calculations/DemandIntervals.xlsx_PowerQuery.m","14","2","1","1","1","2","Table_ShiftDemandHRSCheck | ShiftDemandUnitINTERVALCheck"
"TE/Demand","UNITS/TE/2. Calculations/Demand.xlsx","True","Audited","CLIENT/DATExx-Whiddon/UNITS/TE/2. Calculations/Demand.xlsx_PowerQuery.m","24","3","1","1","1","2","Table_ShiftDemandUnitINTERVALCheck | ShiftDemandHCAverageCheck | CareDemandHRSWeeklyCheck"
"TE/Shifts","UNITS/TE/2. Calculations/Shifts.xlsx","True","Audited","CLIENT/DATExx-Whiddon/UNITS/TE/2. Calculations/Shifts.xlsx_PowerQuery.m","44","0","1","1","1","0",""
"TE/ShiftAverage","UNITS/TE/2. Calculations/AllocationByShiftAverage.xlsx","True","Audited","CLIENT/DATExx-Whiddon/UNITS/TE/2. Calculations/AllocationByShiftAverage.xlsx_PowerQuery.m","19","1","2","2","2","0","RoleShiftAllocation_CHECK"
"TE/Allocation","UNITS/TE/2. Calculations/Allocation.xlsx","True","Audited","CLIENT/DATExx-Whiddon/UNITS/TE/2. Calculations/Allocation.xlsx_PowerQuery.m","28","0","1","1","1","0",""
"TE/Distribution","UNITS/TE/2. Calculations/Shift-StaffDistribution.xlsx","True","Audited","CLIENT/DATExx-Whiddon/UNITS/TE/2. Calculations/Shift-StaffDistribution.xlsx_PowerQuery.m","5","0","1","1","1","0",""
"TE/MultiRole","UNITS/TE/2. Calculations/MutliRoleCheck.xlsx","True","Audited","CLIENT/DATExx-Whiddon/UNITS/TE/2. Calculations/MutliRoleCheck.xlsx_PowerQuery.m","8","0","1","1","1","0",""
"TE/Role:AIN/1","UNITS/TE/2. Calculations/AIN/CapacityDistrib(A.1)-shifts.xlsx","True","Audited","CLIENT/DATExx-Whiddon/UNITS/TE/2. Calculations/AIN/CapacityDistrib(A.1)-shifts.xlsx_PowerQuery.m","94","5","12","4","12","0","A1CheckResult | A1ResourceIdentity_CHECK | ResPeriodAllocationCHECK | A1ResourceContract_CHECK | A1ClusterLookup_CHECK"
"TE/Role:AIN/2","UNITS/TE/2. Calculations/AIN/CapacityDistrib(A.2)-shifts.xlsx","True","Audited","CLIENT/DATExx-Whiddon/UNITS/TE/2. Calculations/AIN/CapacityDistrib(A.2)-shifts.xlsx_PowerQuery.m","19","1","1","1","1","1","CheckCap"
"TE/Role:AIN/3","UNITS/TE/2. Calculations/AIN/CapacityDistrib(B)-shifts.xlsx","True","Audited","CLIENT/DATExx-Whiddon/UNITS/TE/2. Calculations/AIN/CapacityDistrib(B)-shifts.xlsx_PowerQuery.m","74","5","8","2","6","2","CheckReAllocation | BResourceContract_CHECK | CapacityDistribB_INPUT_CHECK | CapacityDistribB_AVAILABILITY_LINEAGE_CHECK | ReduceCheck"
"TE/Capacity","UNITS/TE/2. Calculations/Capacity.xlsx","True","Audited","CLIENT/DATExx-Whiddon/UNITS/TE/2. Calculations/Capacity.xlsx_PowerQuery.m","24","0","1","1","1","0",""
"TE/Effort","UNITS/TE/2. Calculations/Effort.xlsx","True","Audited","CLIENT/DATExx-Whiddon/UNITS/TE/2. Calculations/Effort.xlsx_PowerQuery.m","37","2","7","4","6","0","EffortCheckResult | ResourceContractOverage_CHECK"
"JH-RY/AllocationInput","UNITS/JH-RY/1. Input/1-AllocationExtracted.xlsx","True","Missing exact extracted source","CLIENT/DATExx-Whiddon/UNITS/JH-RY/1. Input/1-AllocationExtracted.xlsx_PowerQuery.m","0","0","0","0","0","0",""
"JH-RY/Settings","UNITS/JH-RY/2. Calculations/Settings Data.xlsx","True","Missing exact extracted source","CLIENT/DATExx-Whiddon/UNITS/JH-RY/2. Calculations/Settings Data.xlsx_PowerQuery.m","0","0","0","0","0","0",""
"JH-RY/DemandMaster","UNITS/JH-RY/1. Input/Demand-MasterRoster Manual Read.xlsx","True","Missing exact extracted source","CLIENT/DATExx-Whiddon/UNITS/JH-RY/1. Input/Demand-MasterRoster Manual Read.xlsx_PowerQuery.m","0","0","0","0","0","0",""
"JH-RY/DemandInput","UNITS/JH-RY/1. Input/2-DemandExtract.xlsx","True","Missing exact extracted source","CLIENT/DATExx-Whiddon/UNITS/JH-RY/1. Input/2-DemandExtract.xlsx_PowerQuery.m","0","0","0","0","0","0",""
"JH-RY/Workers","UNITS/JH-RY/1. Input/Worker Reconciliation.xlsx","True","Missing exact extracted source","CLIENT/DATExx-Whiddon/UNITS/JH-RY/1. Input/Worker Reconciliation.xlsx_PowerQuery.m","0","0","0","0","0","0",""
"JH-RY/Availability","UNITS/JH-RY/2. Calculations/Capacity-ShiftAvailability.xlsx","True","Audited","CLIENT/DATExx-Whiddon/UNITS/JH-RY/2. Calculations/Capacity-ShiftAvailability.xlsx_PowerQuery.m","65","15","19","6","13","0","IMPORT Reconciled Workers | ReconciledWorkers_Facility_Prepare | WorkerRoleMappings_DIAGNOSTICS | ReconciledWorkers_Prepare | ReconciledWorkers_Eligible | WorkerIdentityFailures_DIAGNOSTICS | WorkerAvailability_DIAGNOSTICS | AvailabilityReasons_DIAGNOSTICS | WorkerShiftRoleCoverage_DIAGNOSTICS | WorkerRolePipeline_DIAGNOSTICS | AvailabilityCheckResult | ReconciledWorkers_CHECK | AvailabilityRules_TEST | ResDayShift_CHECK | AllocationRoleShares_CHECK"
"JH-RY/Staff","UNITS/JH-RY/2. Calculations/StaffListMaster.xlsx","True","Missing exact extracted source","CLIENT/DATExx-Whiddon/UNITS/JH-RY/2. Calculations/StaffListMaster.xlsx_PowerQuery.m","0","0","0","0","0","0",""
"JH-RY/Intervals","UNITS/JH-RY/2. Calculations/Intervals.xlsx","True","Missing exact extracted source","CLIENT/DATExx-Whiddon/UNITS/JH-RY/2. Calculations/Intervals.xlsx_PowerQuery.m","0","0","0","0","0","0",""
"JH-RY/DemandIntervals","UNITS/JH-RY/2. Calculations/DemandIntervals.xlsx","True","Missing exact extracted source","CLIENT/DATExx-Whiddon/UNITS/JH-RY/2. Calculations/DemandIntervals.xlsx_PowerQuery.m","0","0","0","0","0","0",""
"JH-RY/Demand","UNITS/JH-RY/2. Calculations/Demand.xlsx","True","Missing exact extracted source","CLIENT/DATExx-Whiddon/UNITS/JH-RY/2. Calculations/Demand.xlsx_PowerQuery.m","0","0","0","0","0","0",""
"JH-RY/Shifts","UNITS/JH-RY/2. Calculations/Shifts.xlsx","True","Missing exact extracted source","CLIENT/DATExx-Whiddon/UNITS/JH-RY/2. Calculations/Shifts.xlsx_PowerQuery.m","0","0","0","0","0","0",""
"JH-RY/ShiftAverage","UNITS/JH-RY/2. Calculations/AllocationByShiftAverage.xlsx","True","Missing exact extracted source","CLIENT/DATExx-Whiddon/UNITS/JH-RY/2. Calculations/AllocationByShiftAverage.xlsx_PowerQuery.m","0","0","0","0","0","0",""
"JH-RY/Allocation","UNITS/JH-RY/2. Calculations/Allocation.xlsx","True","Missing exact extracted source","CLIENT/DATExx-Whiddon/UNITS/JH-RY/2. Calculations/Allocation.xlsx_PowerQuery.m","0","0","0","0","0","0",""
"JH-RY/Distribution","UNITS/JH-RY/2. Calculations/Shift-StaffDistribution.xlsx","True","Missing exact extracted source","CLIENT/DATExx-Whiddon/UNITS/JH-RY/2. Calculations/Shift-StaffDistribution.xlsx_PowerQuery.m","0","0","0","0","0","0",""
"JH-RY/MultiRole","UNITS/JH-RY/2. Calculations/MutliRoleCheck.xlsx","True","Missing exact extracted source","CLIENT/DATExx-Whiddon/UNITS/JH-RY/2. Calculations/MutliRoleCheck.xlsx_PowerQuery.m","0","0","0","0","0","0",""
"JH-RY/Capacity","UNITS/JH-RY/2. Calculations/Capacity.xlsx","True","Missing exact extracted source","CLIENT/DATExx-Whiddon/UNITS/JH-RY/2. Calculations/Capacity.xlsx_PowerQuery.m","0","0","0","0","0","0",""
"JH-RY/Effort","UNITS/JH-RY/2. Calculations/Effort.xlsx","True","Missing exact extracted source","CLIENT/DATExx-Whiddon/UNITS/JH-RY/2. Calculations/Effort.xlsx_PowerQuery.m","0","0","0","0","0","0",""
"Org/StaffAll","2. Calculations/E-O-I/StafMasterList-All.xlsx","True","Audited","CLIENT/DATExx-Whiddon/2. Calculations/E-O-I/StafMasterList-All.xlsx_PowerQuery.m","20","0","2","1","1","0",""
"Org/EffortAll","2. Calculations/E-O-I/Effort-All.xlsx","True","Audited","CLIENT/DATExx-Whiddon/2. Calculations/E-O-I/Effort-All.xlsx_PowerQuery.m","38","1","5","1","4","0","ResourceContractOverage_CHECK"
"Org/Outcomes","2. Calculations/E-O-I/EffortOutcomes.xlsx","True","Audited","CLIENT/DATExx-Whiddon/2. Calculations/E-O-I/EffortOutcomes.xlsx_PowerQuery.m","4","0","1","1","1","0",""
"Org/Inefficiencies","2. Calculations/E-O-I/Inefficiencies.xlsx","True","Audited","CLIENT/DATExx-Whiddon/2. Calculations/E-O-I/Inefficiencies.xlsx_PowerQuery.m","17","0","1","1","1","0",""
"Org/Cost","2. Calculations/Cost/Cost..xlsx","True","Audited","CLIENT/DATExx-Whiddon/2. Calculations/Cost/Cost..xlsx_PowerQuery.m","20","0","4","0","3","0",""
"Org/History","2. Calculations/EOW/EffortOutcomeLogXY.xlsx","True","Audited","CLIENT/DATExx-Whiddon/2. Calculations/EOW/EffortOutcomeLogXY.xlsx_PowerQuery.m","5","1","0","0","0","1","Null Matrix Check"
"Org/HistoryRead","2. Calculations/EOW/2DRead.xlsx","True","Audited","CLIENT/DATExx-Whiddon/2. Calculations/EOW/2DRead.xlsx_PowerQuery.m","6","1","0","0","0","1","Effort+OutcomesXYImport Check"
"Org/Reporting","2. Calculations/Tableau Connection.xlsx","True","Audited","CLIENT/DATExx-Whiddon/2. Calculations/Tableau Connection.xlsx_PowerQuery.m","8","0","1","1","1","0",""
