"Sequence","Workbook","Status","Saved","Changed","StartedAt","DurationSeconds","BeforeSha256","AfterSha256","Message"
"1","CLIENT\DATExx-Whiddon\1. Input\Demand-MasterRoster Manual Read.xlsx","Succeeded","True","True","2026-09-25T12:26:18.6281323+10:00","2.06","28E6D98798DE283A9932A6847594432E6C8A57A969A74E59FAB6CA9698ABF539","84B56BBAC318AFA47AAD94E8C6A37BA5C1E4D4094980E53CA7B253AA7D2ED2D8",""
"2","CLIENT\DATExx-Whiddon\2. Calculations\Change\AllocationChange.xlsx","Succeeded","True","True","2026-09-25T12:26:20.6976619+10:00","0.12","1C10C24D8D9F90A2BADD235D87AFDBCDD4725B50CF5A560EE79773148437955C","ADEF1E859E2B232D268BB3EC35C626FB8B60A4FDACBE2C7BF44DA4FCA4AAB655",""
"3","CLIENT\DATExx-Whiddon\2. Calculations\Change\SS\ResidualAllocation-ALL.xlsx","Succeeded","True","True","2026-09-25T12:26:20.8219729+10:00","0.35","A30B35F5A4D1B3524027614BA5A69BE4146E8A56FAACE521F66B8664C4963898","54F6EDDDC8C6E68AFB7B3C40992BA977C2148FB7B2568DFB71726BF1072CC134",""
"4","CLIENT\DATExx-Whiddon\2. Calculations\Change\SS\ResidualAllocation.xlsx","Succeeded","True","True","2026-09-25T12:26:21.1756140+10:00","0.2","C608A7B3327E2878D9528FEF9360938E200755D98183B81786339A5CA4FC65A6","45B8A2B6ADDC7B71B616E1F7680E75166A7313A5F309D5562D040542A3C0A9FB",""
"5","CLIENT\DATExx-Whiddon\2. Calculations\Cost\Cost..xlsx","Succeeded","True","True","2026-09-25T12:26:21.3768349+10:00","0.17","CFF909181414BBFB37F803049E029A54EADEBEF6027424BCCC2A47A12537AD94","FD619E5AC66D95739BCE4B662CCC6E233501A934C0BA791912DDC1BC2935DB32",""
"6","CLIENT\DATExx-Whiddon\2. Calculations\E-O-I\Effort-All.xlsx","Succeeded","True","True","2026-09-25T12:26:21.5478473+10:00","2","E097F43941B4BFEA719B9C4F370928EF2CF53CD1F6AC9D00D2087FD4A9784BF8","2FE6064D530BC047D7107BCA757D75AA2B1E4ED296DBF64F04AAD3589B4B8AB9",""
"7","CLIENT\DATExx-Whiddon\2. Calculations\E-O-I\EffortOutcomes.xlsx","Succeeded","True","True","2026-09-25T12:26:23.5474559+10:00","0.17","EAFE91A1EF9FDE25E474005B65712BB58FAE8BB79AD69CACEB8BB7D5A818CF42","BC929BC9DEB0877C4F3BC6F99EC948A2569E85C07596A327431F1F71FAFE3FCA",""
"8","CLIENT\DATExx-Whiddon\2. Calculations\E-O-I\Inefficiencies.xlsx","Succeeded","True","True","2026-09-25T12:26:23.7194729+10:00","3.21","C5BC69C4D1BF7DFEE0C4D68A40B817D08942B723331D9FD6F71EA19564A69B45","1951A70A23D433D2FC45BCB721FEA056447A03830BBCAE24B3AD1B0F6E0780FD",""
"9","CLIENT\DATExx-Whiddon\2. Calculations\E-O-I\StafMasterList-All.xlsx","Succeeded","True","True","2026-09-25T12:26:26.9312013+10:00","0.14","7B22D0147E5DAB1BD9B594BF9B170DE7AD77344319A68091519EEABD4A75B99D","284C85EFAEC95CFE31D38878442BA14696DD0C2451DB9C869331AE9A5297CBB0",""
"10","CLIENT\DATExx-Whiddon\2. Calculations\EOW\2DRead.xlsx","Succeeded","True","True","2026-09-25T12:26:27.0763104+10:00","0.26","F929D565077A6EED7CBFABBCAA3363B239E77E22DB61963F9A52089711F82276","54D3423B22304D19A2B90CC9793BD45A87A670A96D3A8796CAD6541E07A58C68",""
"11","CLIENT\DATExx-Whiddon\2. Calculations\EOW\Boundary Intersections.xlsx","Succeeded","True","True","2026-09-25T12:26:27.3344276+10:00","0.11","38D2176CCDB3257C210C8A59727FBD2BD02E8C15C978404130DB05EC21B16EC1","27F565794F5380429777413E6D8927795675D409866C215E79CDEEE7406FF1C6",""
"12","CLIENT\DATExx-Whiddon\2. Calculations\EOW\EffortOutcomeLogXY.xlsx","Succeeded","True","True","2026-09-25T12:26:27.4478021+10:00","1.29","D04AC8A3746A44C9A7BC88D5E25BD0518A7E969EF63F29D524598AE78A379FBA","F88EBDC98CB871155D577BB44FA2630511C8D24AD0E431598A350DACF0E1FD5A",""
"13","CLIENT\DATExx-Whiddon\2. Calculations\EOW\Grid Thresholds.xlsx","Succeeded","True","True","2026-09-25T12:26:28.7428552+10:00","0.14","6A3D21C47B86FD45883BCAF2DE4084E60BEFB6B9934E33E814303E11E92AACCA","B5ED49DD57403590A3CB6808AE07DC795EC3955C960C0DFF88B35796C648BE15",""
"14","CLIENT\DATExx-Whiddon\2. Calculations\Map\WFEfffectivenessMap -RFMBI.xlsx","Succeeded","True","True","2026-09-25T12:26:28.8812928+10:00","0.13","CCD7CBFE98EF5F76BAE366256AF3F1FB62052C4EBBD63357029C02681C2EBCC1","9333D225D0277DAF8A81810749C1E3BA06CE3F082C0ED1B1909C7E9269975DFA",""
"15","CLIENT\DATExx-Whiddon\2. Calculations\Tableau Connection.xlsx","Succeeded","True","True","2026-09-25T12:26:29.0113739+10:00","0.23","453CEF82052ECB1BE1EECA941A98A50C62A6DDD564C71B094EC5B6DB892E0559","D7A85422AF0438830E9F6EEE2E1267F2D2BC8D0153E9F540058917254DA77D98",""
"16","CLIENT\DATExx-Whiddon\Roles.xlsx","Succeeded","True","True","2026-09-25T12:26:29.2393822+10:00","0.1","0AAB3F6A42AEDC657EFE34DCBE0264845C37A5136D746390362D7B3C74C707F1","6B9D67C5E99C14570932C7C77E0F1F880F13E46334016152B88A536335FFC03A",""
"17","CLIENT\DATExx-Whiddon\UNITS\BD\1. Input\1-AllocationExtracted.xlsx","Succeeded","True","True","2026-09-25T12:26:29.3356083+10:00","0.2","D4C1C526939623049DAF0D3021A1865679697D2F2258AE96EFC836FC69D016B1","12FB90E43B4CAA1DF26AAEDDB16825306F66572F6EB415A0C3D3C551107863A5",""
"18","CLIENT\DATExx-Whiddon\UNITS\BD\1. Input\2-DemandExtract.xlsx","Succeeded","True","True","2026-09-25T12:26:29.5374258+10:00","0.19","8838C5403DDA51ABF0B3CF1037CE14D08D6232A1591FC9164FEB46BB0D18CEEF","9C43BB69A12625493361C8D08BC3176C30C00D2A6CAE8936730BA47D0575C404",""
"19","CLIENT\DATExx-Whiddon\UNITS\BD\1. Input\Allocation\Ashburn Working roster 7 to 20 October 24.xls","Succeeded","True","True","2026-09-25T12:26:29.7266974+10:00","0.19","5BAF5F6FE76FF7342095CBE79AA0B4CF2F7564C71B81CEF1176B5E19C0ECB0C1","9437C57853C08DCA16925CDB8410B210095ECA529E7621D544FE38121780EC6D",""
"20","CLIENT\DATExx-Whiddon\UNITS\BD\1. Input\Allocation\Master Roster.xlsx","Succeeded","True","True","2026-09-25T12:26:29.9223930+10:00","26.09","2AEC7A36349C57AE69973A19FA1F44B709D2E7A2267F534350A8F3884121DB3A","0B20027B4BFD45E5A377BBF17EDDE87CA4EB6CC9BA56BFD42DF36136F4C3A6BF",""
"21","CLIENT\DATExx-Whiddon\UNITS\BD\1. Input\Allocation\Published Roster.xlsx","Succeeded","True","True","2026-09-25T12:26:56.0117550+10:00","14.66","1636528895C5075FDC4650E21021914FF4EA793A7BFDC9B39B2DE49D53B73F1C","1CC99C721E055DA94B8EC2EACF77C186F99A3BE2E8396E6EFAD4EF352E826791",""
"22","CLIENT\DATExx-Whiddon\UNITS\BD\1. Input\Allocation\Worker's Report.xlsx","Succeeded","True","True","2026-09-25T12:27:10.6733253+10:00","0.13","FBB0F8839910D471E7125F2F75F607B4A2F657C0DF333884DF350A1DC6DE12B0","2FBFF68683A14D5AC2C99F706427C884AA352D2F0C259FDC5414ABAFFCC3D200",""
"23","CLIENT\DATExx-Whiddon\UNITS\BD\1. Input\AN-ACC Model ASH 2410.xlsx","Succeeded","True","True","2026-09-25T12:27:10.8084730+10:00","0.15","6B568C8ADDF56C95F621AEA1A0EBBA920546D87702E8E494FFBA3932C6AD5270","ADAA69703C552D0824244BE89E2664AAC8576372E644C8D1EA0152702D9B2630",""
"24","CLIENT\DATExx-Whiddon\UNITS\BD\1. Input\Demand-MasterRoster Manual Read.xlsx","Succeeded","True","True","2026-09-25T12:33:22.8874799+10:00","2.03","AF84923357B2D6C220D1ED430350DBF0574A5871F4B78C3018EAED6BD1659E64","8B47FD453408DF2BC33BA529C91E855B33B95646F43C64A7C8AD27B0A5F90C11",""
"25","CLIENT\DATExx-Whiddon\UNITS\BD\1. Input\Occupancy care minute -roster meeting.xlsx","Succeeded","True","True","2026-09-25T12:33:24.9264500+10:00","0.13","D48D60207215EE2019B8497E9A93CE59E8B5B8F83F01A0856E2F1EA695816CE7","7262FDF29884BE0E69A59AE75B90863A69A8FF72F712C795A0DF6D496FC4635D",""
"26","CLIENT\DATExx-Whiddon\UNITS\BD\1. Input\Published Roster.xlsx","Succeeded","True","True","2026-09-25T12:33:25.0530834+10:00","13.99","5E85CB3201C6FB4CEA497471A110EC130C624B52A52B71D5B24CE540B19C0483","5CD16D0C9D60630CA00A99AF3B179B7CC921BCA47A70BDEE2BCF5481552E371C",""
"27","CLIENT\DATExx-Whiddon\UNITS\BD\1. Input\StaffList Availability.xlsx","Succeeded","True","True","2026-09-25T12:33:39.0427802+10:00","0.14","573AF40A0F340A76FE4FF73D790002444FF833DABF06897DB15B1B760DF7BE77","A223380B675166C8521F13431F7CFBC6D983081157203D0C90852FD76AAA44A8",""
"28","CLIENT\DATExx-Whiddon\UNITS\BD\1. Input\whiddon_availability_leave_extraction.xlsx","Succeeded","True","True","2026-09-25T12:33:39.1790770+10:00","0.31","1781B188F8AF657A3E9B9D96D090BF74006638089DE50AB86D952542330FBD1B","4E7078A07ACB10FC32D46CDDBCAD1A620DC814215021772671FA621461380905",""
"29","CLIENT\DATExx-Whiddon\UNITS\BD\1. Input\Worker Reconciliation.xlsx","Succeeded","True","True","2026-09-25T12:33:39.4934835+10:00","0.22","D8AA8198858DF164F731405FBEABA8E7AEEC2FD94F4BECDDC7C092B9E42CE4D5","C246159BCC8EDF5A7C493D86EF9F95E08133CFA4E5585F139EB90E4627558031",""
"30","CLIENT\DATExx-Whiddon\UNITS\BD\1. Input\Worker's Report.xlsx","Succeeded","True","True","2026-09-25T12:33:39.7162162+10:00","0.13","A8D72A15EA144E2B395987BD0B66978C46EE01765820FEA385145309BD78B534","5261DE4EB63D23E403D9627CD64465E77732C1CBB55631E1B75A74CD702A4591",""
"31","CLIENT\DATExx-Whiddon\UNITS\BD\2. Calculations\AIN\CapacityDistrib(A.1)-shifts.xlsx","Succeeded","True","True","2026-09-25T12:33:39.8482810+10:00","0.25","2043AFF171CDCDD5D29FF403850C636E65EB4E719B5E66D5553E47C09DAD1322","4C85E40C1E5239387C7B99BBB9E4621A341F6C72584B4E89584360DF9F20B628",""
"32","CLIENT\DATExx-Whiddon\UNITS\BD\2. Calculations\AIN\CapacityDistrib(A.2)-shifts.xlsx","Succeeded","True","True","2026-09-25T12:33:40.0997678+10:00","0.17","DDF7FB9B99D12E87B748E0CB073845A7FCF698D29893BF5E72F8442ED9E291BC","563E05458AC22269392507DD9270FEF5C8B64D7313D29A01038C068C41AC00FF",""
"33","CLIENT\DATExx-Whiddon\UNITS\BD\2. Calculations\AIN\CapacityDistrib(B)-shifts.xlsx","Succeeded","True","True","2026-09-25T12:33:40.2692574+10:00","0.18","EC42E7376B01896640FB8F55849C60FAA4F5133B13924575A39FA098701255FF","8C03E34FB3985B752DCFE6BCF8E9F5FB4AE2325329936C567D9F1775E76FCAE7",""
"34","CLIENT\DATExx-Whiddon\UNITS\BD\2. Calculations\AINC4\CapacityDistrib(A.1)-shifts.xlsx","Succeeded","True","True","2026-09-25T12:33:40.4498280+10:00","0.17","7193566E9EC75843518CA2A644B50D734C6C48796720FC09795B5F12E5F14D4F","B8C552569BA903541F4196961A31F77B24357767F7496FE7EB182522D0500BAE",""
"35","CLIENT\DATExx-Whiddon\UNITS\BD\2. Calculations\AINC4\CapacityDistrib(A.2)-shifts.xlsx","Succeeded","True","True","2026-09-25T12:33:40.6194149+10:00","0.14","B8F8841FD3164D7867C7AF5DAC88D6C1B8568A68F76A77016A1E5C7FA8E2C119","B901592643E97CAE6324D0ABEC97B63C973EF1CF4712F557FBCD4E9CB7814A1E",""
"36","CLIENT\DATExx-Whiddon\UNITS\BD\2. Calculations\AINC4\CapacityDistrib(B)-shifts.xlsx","Succeeded","True","True","2026-09-25T12:33:40.7592361+10:00","0.14","3567806AE7C26E03CC027C4709554B96D3841E0BE160BC5781457BE06A8CAA0F","C1D80597D8D1BAFA8974C0B37A5E2C8CD1D949DA22FFF911708B471E9493B954",""
"37","CLIENT\DATExx-Whiddon\UNITS\BD\2. Calculations\Allocation.xlsx","Succeeded","True","True","2026-09-25T12:33:40.8981667+10:00","0.15","826E6231F7BCAE240A867448FBF8150451F480F81F22720506E88DA3F67366F9","AA33C6E35AEB99383BE4D6E69AA6AA88ED77983A839BFD426BBA9568806A524B",""
"38","CLIENT\DATExx-Whiddon\UNITS\BD\2. Calculations\AllocationByShiftAverage.xlsx","Succeeded","True","True","2026-09-25T12:33:41.0484814+10:00","1.05","1486308B6254CCE07BB9670726218F59A33B0EF7DB2BA899D3D3A8D335BBDFC7","F0AE392DFBF916EFCA30C848CB8DB420B677852BE91CBE7C36BD37B2BBAE343B",""
"39","CLIENT\DATExx-Whiddon\UNITS\BD\2. Calculations\Capacity-ShiftAvailability.xlsx","Succeeded","True","True","2026-09-25T12:33:42.0994310+10:00","0.71","8724CCAABCA046B18A4AE16818EE231AF778F2436021E62D2555A5D42A10CD84","A461901EE72B51727695972EAE3809FFFACF2A803E74FB1BC3F01DE09F716C16",""
"40","CLIENT\DATExx-Whiddon\UNITS\BD\2. Calculations\Capacity.xlsx","Succeeded","True","True","2026-09-25T12:33:42.8070154+10:00","0.43","4C7F8720020EF3CD3C241761546B3CC63477E97B12B9E349358987CC04E527FF","D4C739ECB318B3550BA660354D51ED6AEEAA511944759733A7C3FDBFE169AA4B",""
"41","CLIENT\DATExx-Whiddon\UNITS\BD\2. Calculations\Demand.xlsx","Succeeded","True","True","2026-09-25T12:33:43.2343612+10:00","0.37","9BA6BCA2E66BA258746512CF40C1B1BA3286801339B5F6E995475B9AF7362B87","B6DE020C37B81EA687C78563CF5239FF7338B4DAEA9224CDE95E7DBBF27C9E00",""
"42","CLIENT\DATExx-Whiddon\UNITS\BD\2. Calculations\DemandIntervals.xlsx","Succeeded","True","True","2026-09-25T12:33:43.6053651+10:00","0.23","3114227D4846EA3624FBEBF8B9E6E3C3AA4C6DB8681A2794DDCEA4380D6AA8F9","58CBE4A7E6EF1B5FB61D8B7C253D60695BFA6FE7BB7F678B972EFAEA81FB4CF9",""
"43","CLIENT\DATExx-Whiddon\UNITS\BD\2. Calculations\Effort.xlsx","Succeeded","True","True","2026-09-25T12:33:43.8376323+10:00","0.38","0E54E604FA8EBAB995E0865DD461CC45D0F8D17760E6510FD4CD452D0926CCE1","45F3DB43F26A7C3A421BFF2ADFDCDEC60D0CF4ACAD4CC53FDB561A1DFA616CAD",""
"44","CLIENT\DATExx-Whiddon\UNITS\BD\2. Calculations\EN\CapacityDistrib(A.1)-shifts.xlsx","Succeeded","True","True","2026-09-25T12:33:44.2161879+10:00","0.2","462B9A74B8F37D63648650DD7341D5C24A3D3CBE6FC70A5329CEB12B68E2AA2B","3D8F1182F51E1C083D54623DE99CB5A50FDC439BA2ADAF075BAD42A72E98B5C2",""
"45","CLIENT\DATExx-Whiddon\UNITS\BD\2. Calculations\EN\CapacityDistrib(A.2)-shifts.xlsx","Succeeded","True","True","2026-09-25T12:33:44.4139668+10:00","0.16","65544BDF40117D500F59615D30D1CC3FCD4B8DEF3644AF47C7E3BBEAE23BD3F6","A5CF28534C05FE6B6A1D97D22298D5B67E8803206487F44E2973246188D4D50C",""
"46","CLIENT\DATExx-Whiddon\UNITS\BD\2. Calculations\EN\CapacityDistrib(B)-shifts.xlsx","Succeeded","True","True","2026-09-25T12:33:44.5722774+10:00","0.21","56E10977F265B6C8BA3BFB4CF60C74F5F41DB669110AF8978BD8D005861A0611","ED17D0D04A75E1F9F628F3BFAED778D8AB73DA97F1C8FAEB6BF38F338C3EFD44",""
"47","CLIENT\DATExx-Whiddon\UNITS\BD\2. Calculations\Intervals.xlsx","Succeeded","True","True","2026-09-25T12:33:44.7831844+10:00","0.18","552831F713D370234FEBC07497CC856FB8EAB646065638BDBCD584C145CD2FB9","595AD6336BC87ED66A37669300CBB5183464026351AA336080134018B872939B",""
"48","CLIENT\DATExx-Whiddon\UNITS\BD\2. Calculations\MutliRoleCheck.xlsx","Succeeded","True","True","2026-09-25T12:33:44.9612131+10:00","0.13","0929D3734BEA158AC7FA0085EBEBBC2A882B9439F5BAC4E22A1C8C363059A0D0","D3029EC9576EA2BC1D50519E6F13A1A449CD295CDA34AB6020EF147FF99B0043",""
"49","CLIENT\DATExx-Whiddon\UNITS\BD\2. Calculations\RN\CapacityDistrib(A.1)-shifts.xlsx","Succeeded","True","True","2026-09-25T12:33:45.0932701+10:00","0.19","04CEF035D15F48068C9D7F48516C1C0AB8C9EFCC19DBACDBBD5E3BB508BE1679","C78AF53681A254E24FC0683CD2F70D0BA7EDE93B69B4AAC389466140E58F04CF",""
"50","CLIENT\DATExx-Whiddon\UNITS\BD\2. Calculations\RN\CapacityDistrib(A.2)-shifts.xlsx","Succeeded","True","True","2026-09-25T12:33:45.2818733+10:00","0.13","69801A67C3FBE2A0503221886A8272A523D146760989F94397AF880B8DAE3CE3","81A252102125625D7FFCEA313B818FF2DEB5020B1EE39C97DB6E70632EF1FC1B",""
"51","CLIENT\DATExx-Whiddon\UNITS\BD\2. Calculations\RN\CapacityDistrib(B)-shifts.xlsx","Succeeded","True","True","2026-09-25T12:33:45.4171514+10:00","0.16","4AC3F4FF28D3C87C12446056D1694CDBEE00F48102A032E06F5F12C628F2B86D","FDC81FB42319BE623FB05092A02B501FF81089FFCFFDC9D2399D8C51AEE5843D",""
"52","CLIENT\DATExx-Whiddon\UNITS\BD\2. Calculations\Settings Data.xlsx","Succeeded","True","True","2026-09-25T12:33:45.5763214+10:00","0.13","0431D0745BBC9CF503B69FF13F18D5013CC40B1C5FDFA8D8E81DC5B7B16806DD","5267794685ACBCFFE4EC25FA9C861CD9532E750754D846EFB4072640A30338F5",""
"53","CLIENT\DATExx-Whiddon\UNITS\BD\2. Calculations\Shift-StaffDistribution.xlsx","Succeeded","True","True","2026-09-25T12:33:45.7090025+10:00","0.43","C4254866905EAFB9F59002AE6B6A1F4F15C0238EE897B0992B67D971D69AFF57","8BCE7BE5EE7E51A5DE64BB9870F41D21651ECB59BDEE5347E1C2ED941E0B1B3F",""
"54","CLIENT\DATExx-Whiddon\UNITS\BD\2. Calculations\Shifts.xlsx","Succeeded","True","True","2026-09-25T12:33:46.1397607+10:00","0.51","BAE38CD555B8092F26DD853C132A0A8621F798AEE7FAEB92D12E8573771FFB1B","405A2C7EAB0CC8008F982D55AEDB6EC264A0308089471CE7D98A83BFA8468C3E",""
"55","CLIENT\DATExx-Whiddon\UNITS\BD\2. Calculations\StaffListMaster.xlsx","Succeeded","True","True","2026-09-25T12:33:46.6503420+10:00","0.13","FF0F402C66390A24515B330F7D36D1A6954441537A952EB3DFB1A7DB285AD300","19C0F7731F763BEC89A45E2A6AC97881B7C56790CC712714925113DEEB9432AA",""
"56","CLIENT\DATExx-Whiddon\UNITS\JH-RY\1. Input\1-AllocationExtracted.xlsx","Succeeded","True","True","2026-09-25T12:33:46.7770853+10:00","0.17","A5A1AEFCB63B1D8E120AF4C077BE3F71B60F3EF9BE3E24F8CEE787AAB540C0B0","00A26CC91F57351849C545A32004528BBB7AA0BA255A7FDCE6F7D71150A69FA7",""
"57","CLIENT\DATExx-Whiddon\UNITS\JH-RY\1. Input\2-DemandExtract.xlsx","Succeeded","True","True","2026-09-25T12:33:46.9511094+10:00","0.13","21E541CD640E7AB3FB0AC63EE0AF9AABEC79EE5FCCB8F01312DCB77C29B8EA73","552AEEE7FCAA16424D618EF7F6970FC512552D53DFCFAFCCA12E00CF61952813",""
"58","CLIENT\DATExx-Whiddon\UNITS\JH-RY\1. Input\Allocation\Ashburn Working roster 7 to 20 October 24.xls","Succeeded","True","True","2026-09-25T12:33:47.0834662+10:00","0.13","5BAF5F6FE76FF7342095CBE79AA0B4CF2F7564C71B81CEF1176B5E19C0ECB0C1","A0A095E1CFB1A62C8E946C49AE7FC83E2A6BBEF8B842963357318493D183F9A8",""
"59","CLIENT\DATExx-Whiddon\UNITS\JH-RY\1. Input\Allocation\Master Roster.xlsx","Succeeded","True","True","2026-09-25T12:33:47.2165518+10:00","25.41","2AEC7A36349C57AE69973A19FA1F44B709D2E7A2267F534350A8F3884121DB3A","F0ED1389BDB3BCA4A1BDADEBF15632697DDE383D00669A614EE4A40E58D0D568",""
"60","CLIENT\DATExx-Whiddon\UNITS\JH-RY\1. Input\Allocation\Published Roster.xlsx","Succeeded","True","True","2026-09-25T12:34:12.6286082+10:00","14.49","1636528895C5075FDC4650E21021914FF4EA793A7BFDC9B39B2DE49D53B73F1C","878064C63830BC20E165D4134EBB5CF7B0094CF7BDA0B3CE48F2075245E3B5B7",""
"61","CLIENT\DATExx-Whiddon\UNITS\JH-RY\1. Input\Allocation\Worker's Report.xlsx","Succeeded","True","True","2026-09-25T12:34:27.1245152+10:00","0.14","FBB0F8839910D471E7125F2F75F607B4A2F657C0DF333884DF350A1DC6DE12B0","DE3CEBFBB92BFB99617ACA0040FAC741D89C69CE9472CCB54E6FFE72123B7FFB",""
"62","CLIENT\DATExx-Whiddon\UNITS\JH-RY\1. Input\AN-ACC Model ASH 2410.xlsx","Succeeded","True","True","2026-09-25T12:34:27.2640735+10:00","0.15","6B568C8ADDF56C95F621AEA1A0EBBA920546D87702E8E494FFBA3932C6AD5270","727B064C8F81436C5B2558C3768F60FD3ECF43B91961A4BD800341296910A2B2",""
"63","CLIENT\DATExx-Whiddon\UNITS\JH-RY\1. Input\Demand-MasterRoster Manual Read.xlsx","Failed","False","False","2026-09-25T12:57:25.1887765+10:00","1.88","D25FD6E9CDACF4A30EC2F29537E414AAA1A6F02B26E6A2014DEB7972A1A6EE4C","D25FD6E9CDACF4A30EC2F29537E414AAA1A6F02B26E6A2014DEB7972A1A6EE4C","Call was rejected by callee. (0x80010001 (RPC_E_CALL_REJECTED))"
"64","CLIENT\DATExx-Whiddon\UNITS\JH-RY\1. Input\Occupancy care minute -roster meeting.xlsx","Succeeded","True","True","2026-09-25T12:57:27.0783757+10:00","0.16","D48D60207215EE2019B8497E9A93CE59E8B5B8F83F01A0856E2F1EA695816CE7","85BE503D0D25C1148A72D2C7E94AEAA00F219A2B0358726CC5BA957C69AE1ABB",""
"65","CLIENT\DATExx-Whiddon\UNITS\JH-RY\1. Input\Published Roster.xlsx","Succeeded","True","True","2026-09-25T12:57:27.2351910+10:00","14.16","5E85CB3201C6FB4CEA497471A110EC130C624B52A52B71D5B24CE540B19C0483","B3500E7A26A9CAE79A14F86B07C2EBD4C3B2DA5644035AFD200137D0BF5FD682",""
"66","CLIENT\DATExx-Whiddon\UNITS\JH-RY\1. Input\StaffList Availability.xlsx","Succeeded","True","True","2026-09-25T12:57:41.3938595+10:00","0.14","573AF40A0F340A76FE4FF73D790002444FF833DABF06897DB15B1B760DF7BE77","B7F13ED2195515467B68A1F43320BE3EEDE179DFF518C406D9E2B4BFE93369C8",""
"67","CLIENT\DATExx-Whiddon\UNITS\JH-RY\1. Input\whiddon_availability_leave_extraction.xlsx","Succeeded","True","True","2026-09-25T12:57:41.5362353+10:00","0.32","1781B188F8AF657A3E9B9D96D090BF74006638089DE50AB86D952542330FBD1B","B029CA0490634C11D594CE1154D4122923D856583A51871ED889DD9ACB6FE92F",""
"68","CLIENT\DATExx-Whiddon\UNITS\JH-RY\1. Input\Worker Reconciliation.xlsx","Succeeded","True","True","2026-09-25T12:57:41.8615422+10:00","0.23","64C0E3D7499E45F4E9EDA430C7B4B584C4EC63B46969EF1F1936E283DAB6FF61","DB545F83B3F76D8D9B566CACCAF6FAAF9A11CCE27146A70F6A62B161A602AB98",""
"69","CLIENT\DATExx-Whiddon\UNITS\JH-RY\1. Input\Worker's Report.xlsx","Succeeded","True","True","2026-09-25T12:57:42.0897945+10:00","0.14","A8D72A15EA144E2B395987BD0B66978C46EE01765820FEA385145309BD78B534","BC46147F0AA7D339211BB335D671DFB48B319D6BAF477FACEC5214635FE6152F",""
"70","CLIENT\DATExx-Whiddon\UNITS\JH-RY\2. Calculations\AIN\CapacityDistrib(A.1)-shifts.xlsx","Succeeded","True","True","2026-09-25T12:57:42.2286181+10:00","0.2","A72211016D5F37A95225B86E3AEA07F45C0AD6E3BCEA788489BCDDE763A3CF27","2EE9863CE679817B8082C62B49E4E687892F9389AFA492CDA465FA5414F54143",""
"71","CLIENT\DATExx-Whiddon\UNITS\JH-RY\2. Calculations\AIN\CapacityDistrib(A.2)-shifts.xlsx","Succeeded","True","True","2026-09-25T12:57:42.4262832+10:00","0.16","47E80FF1184BDC8F0423F5F5139F79FBE9B7D46DD35BF522445EAE313DE58DE7","B901E9158283EA78514C091517CBDD69F03FBD67D07E8AC24D5B1AE02115731A",""
"72","CLIENT\DATExx-Whiddon\UNITS\JH-RY\2. Calculations\AIN\CapacityDistrib(B)-shifts.xlsx","Succeeded","True","True","2026-09-25T12:57:42.5866346+10:00","0.2","DD24CEB0B715ABF4025518C82A132E6E47926B694E5260E6A28619ABB97C0168","8863F217C0556C85D1FE2585E0B9FA10621F70C5F5A66D1B1462F3E020BA3D08",""
"73","CLIENT\DATExx-Whiddon\UNITS\JH-RY\2. Calculations\AINC4\CapacityDistrib(A.1)-shifts.xlsx","Succeeded","True","True","2026-09-25T12:57:42.7863667+10:00","0.18","7193566E9EC75843518CA2A644B50D734C6C48796720FC09795B5F12E5F14D4F","403D7246C1B605B6E26CA333A2AFA93F8AA02D03000255FE161A42CEC48253D8",""
"74","CLIENT\DATExx-Whiddon\UNITS\JH-RY\2. Calculations\AINC4\CapacityDistrib(A.2)-shifts.xlsx","Succeeded","True","True","2026-09-25T12:57:42.9690789+10:00","0.15","B8F8841FD3164D7867C7AF5DAC88D6C1B8568A68F76A77016A1E5C7FA8E2C119","881F97F791AD599438E83054D0B0B1C3783460CD63749032A8AA17749A322E13",""
"75","CLIENT\DATExx-Whiddon\UNITS\JH-RY\2. Calculations\AINC4\CapacityDistrib(B)-shifts.xlsx","Succeeded","True","True","2026-09-25T12:57:43.1171545+10:00","0.14","3567806AE7C26E03CC027C4709554B96D3841E0BE160BC5781457BE06A8CAA0F","5A34E2D610CDFBD6996001ED8DC9C2C56F708D624768FCB59237825E01AB9C84",""
"76","CLIENT\DATExx-Whiddon\UNITS\JH-RY\2. Calculations\Allocation.xlsx","Succeeded","True","True","2026-09-25T12:57:43.2616296+10:00","0.17","826E6231F7BCAE240A867448FBF8150451F480F81F22720506E88DA3F67366F9","E76FFAC3D507570FBFA97A339DCABEFD88B119AF3EEF44E9780A93C07E35D728",""
"77","CLIENT\DATExx-Whiddon\UNITS\JH-RY\2. Calculations\AllocationByShiftAverage.xlsx","Succeeded","True","True","2026-09-25T12:57:43.4351743+10:00","1.03","1486308B6254CCE07BB9670726218F59A33B0EF7DB2BA899D3D3A8D335BBDFC7","8C6594AED795421B19E8E1BBFCF3682B2AF131F9FA277BC3E4C3A6E873F61BDC",""
"78","CLIENT\DATExx-Whiddon\UNITS\JH-RY\2. Calculations\Capacity-ShiftAvailability.xlsx","Succeeded","True","True","2026-09-25T12:57:44.4676971+10:00","0.21","D8356013FF792C2DDF244A7E521E5251550DF6C47918FF50F04C5CA0F04B99A0","71B59E62C6F198DF96DFCEE5F4DCF8A268B2CF20E46DEE3A4BB8C54C8443FD58",""
"79","CLIENT\DATExx-Whiddon\UNITS\JH-RY\2. Calculations\Capacity.xlsx","Succeeded","True","True","2026-09-25T12:57:44.6775785+10:00","0.44","4C7F8720020EF3CD3C241761546B3CC63477E97B12B9E349358987CC04E527FF","4E956F158E6DAB34A1B2F2D8A89B52D81224DF873EE203FD865A3C8C046E9F35",""
"80","CLIENT\DATExx-Whiddon\UNITS\JH-RY\2. Calculations\Demand.xlsx","Succeeded","True","True","2026-09-25T12:57:45.1218725+10:00","0.37","9BA6BCA2E66BA258746512CF40C1B1BA3286801339B5F6E995475B9AF7362B87","E1FA1FD251D36EA2B957284528BDC23F06259C171FAC381ED78C3B74E757DEB4",""
"81","CLIENT\DATExx-Whiddon\UNITS\JH-RY\2. Calculations\DemandIntervals.xlsx","Succeeded","True","True","2026-09-25T12:57:45.4901626+10:00","0.23","E7485DD0F507FC7D7C2334A74D3D8132B39840FF0BEF0B8ACF1FB622B32F3121","DF3D513B0444B6BF31D58BD0F6C8D8C9B5D384E5B5FF3B4EEBB5A9E886EED9E3",""
"82","CLIENT\DATExx-Whiddon\UNITS\JH-RY\2. Calculations\Effort.xlsx","Succeeded","True","True","2026-09-25T12:57:45.7239774+10:00","0.37","B5BCB174519206E26DCB47B513BFD2C4B3DBA5D8E02E46EA38EC5538C5DC7EE0","0304D1D288C32FD0A8326BE527C55D02EA0391472D69429263B6D0F0D3395F07",""
"83","CLIENT\DATExx-Whiddon\UNITS\JH-RY\2. Calculations\EN\CapacityDistrib(A.1)-shifts.xlsx","Succeeded","True","True","2026-09-25T12:57:46.0903091+10:00","0.16","E453B0B9753A1BCCD6D70DCBCBFF669E7BECAC774ACE87853165B235C4FDF593","0149EC7CA58DEDB8484DBED5276245BCD4E3EB1277FA71940C785829C0AD7327",""
"84","CLIENT\DATExx-Whiddon\UNITS\JH-RY\2. Calculations\EN\CapacityDistrib(A.2)-shifts.xlsx","Succeeded","True","True","2026-09-25T12:57:46.2498139+10:00","0.13","1F02A850A63EA9F4B70CDAC42A7474D4543CB249468D99E56AC157631DA1BF1B","57270837828A4B3CE8F303F31424D79A67723CDCF9A06980E5795A3BF65AEA94",""
"85","CLIENT\DATExx-Whiddon\UNITS\JH-RY\2. Calculations\EN\CapacityDistrib(B)-shifts.xlsx","Succeeded","True","True","2026-09-25T12:57:46.3763949+10:00","0.21","A5DF4E2F8EC16E9F467C02644E8FE239A8CF1F6DA50B9E9A9644B057BC3B5FE3","439B187BF0D3338C05725DA00FC23D5AB1F3D4BE73B7A5C05A234C6E8B5CDE8C",""
"86","CLIENT\DATExx-Whiddon\UNITS\JH-RY\2. Calculations\Intervals.xlsx","Succeeded","True","True","2026-09-25T12:57:46.5858275+10:00","0.19","DD3C04BEE0FC3C514C91114B28B13396E2E1C673C34A95DAECAAFDD81F13C925","BDBF869F9CE5C8A29CC1EEC9CF15D23A5A066D77146C89358813AA03B80E633D",""
"87","CLIENT\DATExx-Whiddon\UNITS\JH-RY\2. Calculations\MutliRoleCheck.xlsx","Succeeded","True","True","2026-09-25T12:57:46.7748951+10:00","0.12","0929D3734BEA158AC7FA0085EBEBBC2A882B9439F5BAC4E22A1C8C363059A0D0","9099034AA1C9CDCEFD61759CC69E0663AD4B7A6F946AB47AF86177C272644B83",""
"88","CLIENT\DATExx-Whiddon\UNITS\JH-RY\2. Calculations\RN\CapacityDistrib(A.1)-shifts.xlsx","Succeeded","True","True","2026-09-25T12:57:46.8975021+10:00","0.16","FBB1C759F8EB4C350D39E57AA0A772FEA15B4C2DADBA1CEA9068A4EE32D2A3B7","94B6607896DCAF8D81953D3A87B908AB82DB242041315C07CA6039F5A77F44B8",""
"89","CLIENT\DATExx-Whiddon\UNITS\JH-RY\2. Calculations\RN\CapacityDistrib(A.2)-shifts.xlsx","Succeeded","True","True","2026-09-25T12:57:47.0614968+10:00","0.14","A1832FFD8323D368559AC362717AC076B681C3A1D92C0CA258B677FA60C5D515","373B4D8677AF3184C55A50267D208D92E96BA427495B46D856D6DAF615727475",""
"90","CLIENT\DATExx-Whiddon\UNITS\JH-RY\2. Calculations\RN\CapacityDistrib(B)-shifts.xlsx","Succeeded","True","True","2026-09-25T12:57:47.1996541+10:00","0.16","C04E45E5DE1D16E364EC26C0A7FB2A109E7B3F8036F9C2CCE48D1E10CA2769AC","3BCFA9A6EE7E6A5C6BC3DFDFBFB02EACE58C69B4F30B4F83FB7C665103A20896",""
"91","CLIENT\DATExx-Whiddon\UNITS\JH-RY\2. Calculations\Settings Data.xlsx","Succeeded","True","True","2026-09-25T12:57:47.3593317+10:00","0.14","9AB6F17BA975389E6F12E6FA7F2CB9EEAA91ED47A41F932008291894F12ED0C9","CF0DBBF51E03C736C474F9D366D54DE24B370E4710874D67C04DC78D032874FC",""
"92","CLIENT\DATExx-Whiddon\UNITS\JH-RY\2. Calculations\Shift-StaffDistribution.xlsx","Succeeded","True","True","2026-09-25T12:57:47.5016085+10:00","0.45","C4254866905EAFB9F59002AE6B6A1F4F15C0238EE897B0992B67D971D69AFF57","468CA34BD422DC1AF5A0221A83F14CD5006A158BBC250D363FC8DADD4FBCE506",""
"93","CLIENT\DATExx-Whiddon\UNITS\JH-RY\2. Calculations\Shifts.xlsx","Succeeded","True","True","2026-09-25T12:57:47.9478648+10:00","0.55","BAE38CD555B8092F26DD853C132A0A8621F798AEE7FAEB92D12E8573771FFB1B","791F41E793006A66AD9E9DBC829238518FA7F1137C980C69ED5499DEE47A6C05",""
"94","CLIENT\DATExx-Whiddon\UNITS\JH-RY\2. Calculations\StaffListMaster.xlsx","Succeeded","True","True","2026-09-25T12:57:48.4996322+10:00","0.14","58C1DE6794DEAB140E5654607F05342BD8DEA103F4B0916364A45F86D426665A","7E2526AC1FFD90A3928B2D57867ECBC9A02ADB7C4A1450E0BDCD00C8D288C7ED",""
"95","CLIENT\DATExx-Whiddon\UNITS\TE\1. Input\1-AllocationExtracted.xlsx","Succeeded","True","True","2026-09-25T12:57:48.6418274+10:00","0.17","45BC7579384869B9C2DE526226A945CEBEA4123D0B5219078B2B5826FEF50868","D1F18C7F74A8F9399D1E99E505224ECE98F3DA1243C8A6238BFBC934E056C687",""
"96","CLIENT\DATExx-Whiddon\UNITS\TE\1. Input\2-DemandExtract.xlsx","Succeeded","True","True","2026-09-25T12:57:48.8137796+10:00","0.14","25A0ACC4BD0A891F4F39968F02C399585095F03D5B63432983903B01BB910783","EA3A6F56A9FFF44D3DEA469F2C55E47A0841D4D881BBE4109D1D28861E1F728E",""
"97","CLIENT\DATExx-Whiddon\UNITS\TE\1. Input\Allocation\Ashburn Working roster 7 to 20 October 24.xls","Succeeded","True","True","2026-09-25T12:57:48.9542747+10:00","0.14","5BAF5F6FE76FF7342095CBE79AA0B4CF2F7564C71B81CEF1176B5E19C0ECB0C1","03B38516DCD810D3A4C502766B4F251BD89E901E76612EFDD35DD4FF4A4666A7",""
"98","CLIENT\DATExx-Whiddon\UNITS\TE\1. Input\Allocation\Master Roster.xlsx","Succeeded","True","True","2026-09-25T12:57:49.0950273+10:00","25.12","2AEC7A36349C57AE69973A19FA1F44B709D2E7A2267F534350A8F3884121DB3A","392897F117D9D8EB6E08D2A2062B1B2CC2AF90DEDBA44E27DD8770B5784E05FE",""
"99","CLIENT\DATExx-Whiddon\UNITS\TE\1. Input\Allocation\Published Roster.xlsx","Succeeded","True","True","2026-09-25T12:58:14.2153807+10:00","14.44","1636528895C5075FDC4650E21021914FF4EA793A7BFDC9B39B2DE49D53B73F1C","BA7D1623B955FA2ADC7C4AEBA407079D261D8B167EA4F4B7D56082F61B45A620",""
"100","CLIENT\DATExx-Whiddon\UNITS\TE\1. Input\Allocation\Worker's Report.xlsx","Succeeded","True","True","2026-09-25T12:58:28.6537080+10:00","0.13","FBB0F8839910D471E7125F2F75F607B4A2F657C0DF333884DF350A1DC6DE12B0","EF666CCB96B6D752917ED8D2694950332A81A02948A650A4D43B6427221F7C32",""
"101","CLIENT\DATExx-Whiddon\UNITS\TE\1. Input\Demand-MasterRoster Manual Read.xlsx","Failed","False","False","2026-09-25T13:11:22.1665050+10:00","1.84","4076C79F185CB5508EDFB02C5DFAD5F168E56FFF261C10E883ACA10E389904C0","4076C79F185CB5508EDFB02C5DFAD5F168E56FFF261C10E883ACA10E389904C0","Call was rejected by callee. (0x80010001 (RPC_E_CALL_REJECTED))"
"102","CLIENT\DATExx-Whiddon\UNITS\TE\1. Input\Published Roster.xlsx","Succeeded","True","True","2026-09-25T13:11:24.0190470+10:00","14.06","5E85CB3201C6FB4CEA497471A110EC130C624B52A52B71D5B24CE540B19C0483","90FE78596DBB6918BBBD44F1488F36CC8C676A62B52DA3F6F8FE3189443D8764",""
"103","CLIENT\DATExx-Whiddon\UNITS\TE\1. Input\StaffList Availability.xlsx","Succeeded","True","True","2026-09-25T13:11:38.0846270+10:00","0.13","573AF40A0F340A76FE4FF73D790002444FF833DABF06897DB15B1B760DF7BE77","33FD4FAE106B68A063D15362FBD505382FE56BE79272856B249F6AF56AB7D6D7",""
"104","CLIENT\DATExx-Whiddon\UNITS\TE\1. Input\whiddon_availability_leave_extraction.xlsx","Succeeded","True","True","2026-09-25T13:11:38.2205750+10:00","0.29","1781B188F8AF657A3E9B9D96D090BF74006638089DE50AB86D952542330FBD1B","BD32CB728FFDA7EA3807A85F59B5E28C1D9216BDF2566DD186D181F11ACAB1E8",""
"105","CLIENT\DATExx-Whiddon\UNITS\TE\1. Input\Worker Reconciliation.xlsx","Succeeded","True","True","2026-09-25T13:11:38.5160790+10:00","0.23","E2AAA30DABBE2C243DA853E8B7BF12C75867FA5F677904204897EA243CF4D03B","49174D0B4BF0D06CD4D827CC78AF37CC262878CACC0C62379492B2CE0376A5EC",""
"106","CLIENT\DATExx-Whiddon\UNITS\TE\1. Input\Worker's Report.xlsx","Succeeded","True","True","2026-09-25T13:11:38.7455433+10:00","0.12","A8D72A15EA144E2B395987BD0B66978C46EE01765820FEA385145309BD78B534","014D6E6300D8A2AD985227DE5067061470529D223256ED32FF7325E2EE2802B2",""
"107","CLIENT\DATExx-Whiddon\UNITS\TE\2. Calculations\AIN\CapacityDistrib(A.1)-shifts.xlsx","Succeeded","True","True","2026-09-25T13:11:38.8680478+10:00","0.23","A738A2CF631A821059C5F8990BE6DE0292795A7194DB4978672D5D0185A5F9BE","C833AF066CC2E14B84D33B8F9D79CC56F0F54388327A5885642AC662148E0500",""
"108","CLIENT\DATExx-Whiddon\UNITS\TE\2. Calculations\AIN\CapacityDistrib(A.2)-shifts.xlsx","Succeeded","True","True","2026-09-25T13:11:39.0994013+10:00","0.16","D3D22D07B9661AA058D72C8C6DC69A5F46AD052754DD42A2BED2840E3B9D080B","5090547B639B6C499BD5790D377569935EBCA2E011136B11BB47208DA29C376D",""
"109","CLIENT\DATExx-Whiddon\UNITS\TE\2. Calculations\AIN\CapacityDistrib(B)-shifts.xlsx","Succeeded","True","True","2026-09-25T13:11:39.2595686+10:00","0.19","33F406F548941599B9D0942804B8BD9FA23026B4671936EB6E88FF381B83D531","48B0726D03C18650E81BCC506DCC72467A1ADAE1F7E205CFF7B9A7B64B6DDF11",""
"110","CLIENT\DATExx-Whiddon\UNITS\TE\2. Calculations\AINC4\CapacityDistrib(A.1)-shifts.xlsx","Succeeded","True","True","2026-09-25T13:11:39.4486910+10:00","0.17","7193566E9EC75843518CA2A644B50D734C6C48796720FC09795B5F12E5F14D4F","BBC73435B51CD5834871C62390BBA35334F8F6B64D58376C43CA5A97354740C6",""
"111","CLIENT\DATExx-Whiddon\UNITS\TE\2. Calculations\AINC4\CapacityDistrib(A.2)-shifts.xlsx","Succeeded","True","True","2026-09-25T13:11:39.6228822+10:00","0.14","B8F8841FD3164D7867C7AF5DAC88D6C1B8568A68F76A77016A1E5C7FA8E2C119","394CED2F3BB05D2372D8B25DE215BB08DB4293134FD73DCBB6034636E2186DBA",""
"112","CLIENT\DATExx-Whiddon\UNITS\TE\2. Calculations\AINC4\CapacityDistrib(B)-shifts.xlsx","Succeeded","True","True","2026-09-25T13:11:39.7635924+10:00","0.14","3567806AE7C26E03CC027C4709554B96D3841E0BE160BC5781457BE06A8CAA0F","62F3F92931E6B0E512185FD4D900234BB64214283050299FDD4D5E243111C29D",""
"113","CLIENT\DATExx-Whiddon\UNITS\TE\2. Calculations\Allocation.xlsx","Succeeded","True","True","2026-09-25T13:11:39.9060508+10:00","0.14","826E6231F7BCAE240A867448FBF8150451F480F81F22720506E88DA3F67366F9","C96E7481D3EA66CE067AC9BD6AD6D1AF5C1C8CF2670FFDD720B59A52098A533E",""
"114","CLIENT\DATExx-Whiddon\UNITS\TE\2. Calculations\AllocationByShiftAverage.xlsx","Succeeded","True","True","2026-09-25T13:11:40.0497946+10:00","1.01","1486308B6254CCE07BB9670726218F59A33B0EF7DB2BA899D3D3A8D335BBDFC7","24F950EA92AB3800B7B1EEFEABB7282018AE49622639ED7EC8BBE95E0C77A270",""
"115","CLIENT\DATExx-Whiddon\UNITS\TE\2. Calculations\Capacity-ShiftAvailability.xlsx","Succeeded","True","True","2026-09-25T13:11:41.0592122+10:00","0.35","4F9E1CF29DC98CFF5ED003FD446C371D0A2789E96D960D02F9CC10B1B3CC40A2","B17B25ECB1B1B86646FE17CA22167BFC2E5B0C3FC2AA7486D113F861E4DC6A90",""
"116","CLIENT\DATExx-Whiddon\UNITS\TE\2. Calculations\Capacity.xlsx","Succeeded","True","True","2026-09-25T13:11:41.4098247+10:00","0.42","4C7F8720020EF3CD3C241761546B3CC63477E97B12B9E349358987CC04E527FF","DE5128CC93D37637CEBB8E28AC83570D24C3A1AA2095CAF07898CA6C90173637",""
"117","CLIENT\DATExx-Whiddon\UNITS\TE\2. Calculations\Demand.xlsx","Succeeded","True","True","2026-09-25T13:11:41.8324788+10:00","0.37","9BA6BCA2E66BA258746512CF40C1B1BA3286801339B5F6E995475B9AF7362B87","930F2D0660348F3F45C53402075AB62C3735935B10D510713ABBA21F82E9E72A",""
"118","CLIENT\DATExx-Whiddon\UNITS\TE\2. Calculations\DemandIntervals.xlsx","Succeeded","True","True","2026-09-25T13:11:42.2025646+10:00","0.24","E7485DD0F507FC7D7C2334A74D3D8132B39840FF0BEF0B8ACF1FB622B32F3121","325EE6B2D185AE374AC4D44E455BE726681A0FBD17ABFFEB523ACBD5C948A12A",""
"119","CLIENT\DATExx-Whiddon\UNITS\TE\2. Calculations\Effort.xlsx","Succeeded","True","True","2026-09-25T13:11:42.4458159+10:00","0.38","4FDF5B1C1AF8D9131F4AF8AFA3E4D630ECF1EAEF26175728F2E73E3B8F79ABA7","5956619688D39A6AA8EFBEFEBEFA854D9A993B88E53E985797098CD440622080",""
"120","CLIENT\DATExx-Whiddon\UNITS\TE\2. Calculations\EN\CapacityDistrib(A.1)-shifts.xlsx","Succeeded","True","True","2026-09-25T13:11:42.8264330+10:00","0.19","02D32908D6CFBEC577068F943F7B5A4D3EC43FFBDC4CD05BC736E1C5855B21DA","8E4D49422D88EC83320F91D6F645AE888CA126084730605D76CF3EDA243B6427",""
"121","CLIENT\DATExx-Whiddon\UNITS\TE\2. Calculations\EN\CapacityDistrib(A.2)-shifts.xlsx","Succeeded","True","True","2026-09-25T13:11:43.0158357+10:00","0.13","13299C620DF0A759BE92E447EC7FDAB86155F1A4AC63C5B3086208D9ABE6AF55","4DAAB91E8F77E6BAC216B1DF390AA885FB2235B3836E81980C3B838B8FF3F018",""
"122","CLIENT\DATExx-Whiddon\UNITS\TE\2. Calculations\EN\CapacityDistrib(B)-shifts.xlsx","Succeeded","True","True","2026-09-25T13:11:43.1516061+10:00","0.21","364601F648BC247F068BBEB4362E4296111364856649F164F2CC1B385CC72C3E","B133CBB42756F946994546ED253B70A4021C5B094A4DF01838EEBE955218E3DA",""
"123","CLIENT\DATExx-Whiddon\UNITS\TE\2. Calculations\Intervals.xlsx","Succeeded","True","True","2026-09-25T13:11:43.3655212+10:00","0.18","007A67B28222C379FEB795E3E95D3B7F70FFB26685B4BAC1F05697D197D59E8C","0C454C786BEB40A6D29DE54DE9617ED474CF85B8A65AF09733211611E9113742",""
"124","CLIENT\DATExx-Whiddon\UNITS\TE\2. Calculations\MutliRoleCheck.xlsx","Succeeded","True","True","2026-09-25T13:11:43.5438144+10:00","0.11","0929D3734BEA158AC7FA0085EBEBBC2A882B9439F5BAC4E22A1C8C363059A0D0","44FEEDA7C4B23B1211C4C1960ABD5E2A58A0EB22216AA0F735E1D41E488C9A7F",""
"125","CLIENT\DATExx-Whiddon\UNITS\TE\2. Calculations\RN\CapacityDistrib(A.1)-shifts.xlsx","Succeeded","True","True","2026-09-25T13:11:43.6599133+10:00","0.17","8938B7B7AC76E87C6FC98D11A7354329EBD0B7DBC1275A5F1F614BC6F557E70D","51D558BADDC0B82C9577074BA813F13E7B69E89E95F0A6B327389E9D3D41CA75",""
"126","CLIENT\DATExx-Whiddon\UNITS\TE\2. Calculations\RN\CapacityDistrib(A.2)-shifts.xlsx","Succeeded","True","True","2026-09-25T13:11:43.8307986+10:00","0.14","2D7CECA63C15924F2D433D7D74344451826379A09C10905126F257618B3F161E","02AF9F55A0511E570E7653F87DE7FB9BD5CAD7A75C3A20D45C1346018E775052",""
"127","CLIENT\DATExx-Whiddon\UNITS\TE\2. Calculations\RN\CapacityDistrib(B)-shifts.xlsx","Succeeded","True","True","2026-09-25T13:11:43.9672195+10:00","0.15","BDE4A443ABFDFA29C970CBAB6A6306EB2E6B06D31C745C660D395C8543D0FF1C","2D9018966574E28527ED55DA611A69E92F58B1DC47B9C98A022D4480BADAF6C7",""
"128","CLIENT\DATExx-Whiddon\UNITS\TE\2. Calculations\Settings Data.xlsx","Succeeded","True","True","2026-09-25T13:11:44.1190213+10:00","0.12","D91F89A6EA9EC830227B4A4D00F0A05F99B274B6DF2B6FFB2C6A44A997436B87","2CA8A7CDFEDE02B6D3D2983176001FB3E54295E44B91E5E1CF1EA7F4AAEEA385",""
"129","CLIENT\DATExx-Whiddon\UNITS\TE\2. Calculations\Shift-StaffDistribution.xlsx","Succeeded","True","True","2026-09-25T13:11:44.2430173+10:00","0.44","C4254866905EAFB9F59002AE6B6A1F4F15C0238EE897B0992B67D971D69AFF57","DC6FE20BD15D8C62A335708660A22C42A057914D36D1F48FB18A6C9B013A6EB1",""
"130","CLIENT\DATExx-Whiddon\UNITS\TE\2. Calculations\Shifts.xlsx","Succeeded","True","True","2026-09-25T13:11:44.6847153+10:00","0.51","BAE38CD555B8092F26DD853C132A0A8621F798AEE7FAEB92D12E8573771FFB1B","CEC7CB3D86FB9E8940DEC16D64C6430E7314EE5DC4B08B4CE4D33A96F17DF725",""
"131","CLIENT\DATExx-Whiddon\UNITS\TE\2. Calculations\StaffListMaster.xlsx","Succeeded","True","True","2026-09-25T13:11:45.1998019+10:00","0.14","FF0F402C66390A24515B330F7D36D1A6954441537A952EB3DFB1A7DB285AD300","D8F8787E23A3DA8E36234DADDA558A7E3F25185442E1A27C264AF4C4994FA91A",""
